Beta-secretase 2,BACE2,Q9Y5Z0,3.4.23.45,Homo Sapiens,Amyloid beta A4 protein,APP,P05067,Homo Sapiens,EVKMDAEF,671,672,M,D,http://www.uniprot.org/uniprot/P05067,-,beta-secretase,-,02-05-2012
Caspase-6,CASP6,P55212,3.4.22.59,Homo Sapiens,Amyloid beta A4 protein,APP,P05067,Homo Sapiens,VKMDAEFR,672,673,D,A,http://www.uniprot.org/uniprot/P05067,-,caspase-6; when associated with variant 670-N-L-671,-,02-05-2012
Beta-secretase 1,BACE1,P56817,3.4.23.46,Homo Sapiens,Amyloid beta A4 protein,APP,P05067,Homo Sapiens,HHQKLVFF,687,688,K,L,http://www.uniprot.org/uniprot/P05067,-,alpha-secretase,-,02-05-2012
Beta-secretase 2,BACE2,Q9Y5Z0,3.4.23.45,Homo Sapiens,Amyloid beta A4 protein,APP,P05067,Homo Sapiens,KLVFFAED,690,691,F,F,http://www.uniprot.org/uniprot/P05067,-,theta-secretase,-,02-05-2012
Gamma-secretase subunit PEN-2,PSENEN,Q9NZ42,n.d.,Homo Sapiens,Amyloid beta A4 protein,APP,P05067,Homo Sapiens,GGVVIATV,711,712,V,I,http://www.uniprot.org/uniprot/P05067,-,gamma-secretase; site 1,-,02-05-2012
Gamma-secretase subunit PEN-2,PSENEN,Q9NZ42,n.d.,Homo Sapiens,Amyloid beta A4 protein,APP,P05067,Homo Sapiens,VVIATVIV,713,714,A,T,http://www.uniprot.org/uniprot/P05067,-,gamma-secretase; site 2,-,02-05-2012
Gamma-secretase subunit PEN-2,PSENEN,Q9NZ42,n.d.,Homo Sapiens,Amyloid beta A4 protein,APP,P05067,Homo Sapiens,VITLVMLK,720,721,L,V,http://www.uniprot.org/uniprot/P05067,-,gamma-secretase; site 3,-,02-05-2012
Caspase-9,CASP9,P55211,3.4.22.62,Homo Sapiens,Amyloid beta A4 protein,APP,P05067,Homo Sapiens,VEVDAAVT,739,740,D,A,http://www.uniprot.org/uniprot/P05067,-,caspase-6; caspase-8 or caspase-9,-,02-05-2012
Angiotensin-converting enzyme,ACE,P12821,3.4.15.1,Homo Sapiens,Angiotensinogen,AGT,P01019,Homo Sapiens,IHPFHLVI,41,42,F,H,-,15283675,-,-,02-05-2012
Angiotensin-converting enzyme,ACE,P12821,3.4.15.1,Homo Sapiens,Angiotensinogen,AGT,P01019,Homo Sapiens,YIHPFHLV,40,41,P,F,-,15283675,-,-,02-05-2012
Angiotensin-converting enzyme,ACE,P12821,3.4.15.1,Homo Sapiens,Angiotensinogen,AGT,P01019,Homo Sapiens,RVYIHPFH,38,39,I,H,-,15283675,-,-,02-05-2012
Angiotensin-converting enzyme 2,ACE2,Q9BYF1,3.4.17.23,Homo Sapiens,Angiotensinogen,AGT,P01019,Homo Sapiens,HPFHLVIH,42,43,H,L,-,15283675,-,-,02-05-2012
Angiotensin-converting enzyme 2,ACE2,Q9BYF1,3.4.17.23,Homo Sapiens,Angiotensinogen,AGT,P01019,Homo Sapiens,YIHPFHLV,40,41,P,F,-,15283675,-,-,02-05-2012
Disintegrin and metalloproteinase domain-containing protein 17,ADAM17,P78536,3.4.24.86,Homo Sapiens,Neurogenic locus notch homolog protein 1,NOTCH1,P46531,Homo Sapiens,KIEAVQSE,1720,1721,A,V,http://www.uniprot.org/uniprot/P46531,-,-,-,02-05-2012
Disintegrin and metalloproteinase domain-containing protein 17,ADAM17,P78536,3.4.24.86,Homo Sapiens,Neurogenic locus notch homolog protein 2,NOTCH2,Q04721,Homo Sapiens,PLVSVVSE,1665,1666,S,V,http://www.uniprot.org/uniprot/Q04721,-,-,-,02-05-2012
Disintegrin and metalloproteinase domain-containing protein 17,ADAM17,P78536,3.4.24.86,Homo Sapiens,Neurogenic locus notch homolog protein 3,NOTCH3,Q9UM47,Homo Sapiens,PLRDVRGE,1628,1629,D,V,http://www.uniprot.org/uniprot/Q9UM47,-,-,-,02-05-2012
Disintegrin and metalloproteinase domain-containing protein 17,ADAM17,P78536,3.4.24.86,Homo Sapiens,Neurogenic locus notch homolog protein 4,NOTCH4,Q99466,Homo Sapiens,PLLAVHPH,1431,1432,A,V,http://www.uniprot.org/uniprot/Q99466,-,-,-,02-05-2012
Disintegrin and metalloproteinase domain-containing protein 17,ADAM17,P78536,3.4.24.86,Homo Sapiens,Tumor necrosis factor ligand superfamily member 11,TNFSF11,O14788,Homo Sapiens,GSQHIRAE,139,140,H,I,http://www.uniprot.org/uniprot/O14788,-,-,-,02-05-2012
A disintegrin and metalloproteinase with thrombospondin motifs 2,ADAMTS2,O95450,3.4.24.14,Homo Sapiens,Collagen alpha-2(I) chain,COL1A2,P08123,Homo Sapiens,NFAAQYDG,79,80,A,Q,http://www.uniprot.org/uniprot/O95450,-,-,-,02-05-2012
Cysteine protease ATG4B,ATG4B,Q9Y4P1,n.d.,Homo Sapiens,Microtubule-associated proteins 1A/1B light chain 3B,MAP1LC3B,Q9GZQ8,Homo Sapiens,ETFGMKLS,120,121,G,M,http://www.uniprot.org/uniprot/Q9GZQ8,-,-,-,02-05-2012
Cysteine protease ATG4B,ATG4B,Q9Y4P1,n.d.,Homo Sapiens,Microtubule-associated proteins 1A/1B light chain 3C,MAP1LC3C,Q9BXW4,Homo Sapiens,ETFGCLES,126,127,G,C,http://www.uniprot.org/uniprot/Q9BXW4,-,-,-,02-05-2012
Bone morphogenetic protein 1,BMP1,P13497,3.4.24.19,Homo Sapiens,Biglycan,BGN,P21810,Homo Sapiens,FMMNDEEA,37,38,N,D,-,17548836,-,-,02-05-2012
Bone morphogenetic protein 1,BMP1,P13497,3.4.24.19,Homo Sapiens,Mimecan,OGN,P20774,Homo Sapiens,QLQKDEAI,75,76,K,D,-,17548836,-,-,02-05-2012
Bone morphogenetic protein 1,BMP1,P13497,3.4.24.19,Homo Sapiens,Growth/differentiation factor 8,MSTN,O14793,Homo Sapiens,DVQRDDSS,98,99,R,D,-,17548836,-,-,02-05-2012
Bone morphogenetic protein 1,BMP1,P13497,3.4.24.19,Homo Sapiens,Growth/differentiation factor 11,GDF11,O95390,Homo Sapiens,DFQGDALQ,121,122,G,D,-,17548836,-,-,02-05-2012
Bone morphogenetic protein 1,BMP1,P13497,3.4.24.19,Homo Sapiens,Chordin,CHRD,Q9H2X0,Homo Sapiens,RSYSDRGE,153,154,S,D,-,10479448,-,-,02-05-2012
Bone morphogenetic protein 1,BMP1,P13497,3.4.24.19,Homo Sapiens,Protein-lysine 6-oxidase,LOX,P28300,Homo Sapiens,GMVGDDPY,168,169,G,D,-,10479448,-,-,02-05-2012
Bone morphogenetic protein 1,BMP1,P13497,3.4.24.19,Homo Sapiens,Somatotropin,GH1,P01241,Homo Sapiens,NSHNDDAL,178,179,N,D,-,17548836,-,-,02-05-2012
Bone morphogenetic protein 1,BMP1,P13497,3.4.24.19,Homo Sapiens,Chorionic somatomammotropin hormone,CSH1,P01243,Homo Sapiens,SHNHDALL,179,180,H,D,-,17548836,-,-,02-05-2012
Bone morphogenetic protein 1,BMP1,P13497,3.4.24.19,Homo Sapiens,Prolactin,PRL,P01236,Homo Sapiens,LQMADEES,187,188,A,D,-,17548836,-,-,02-05-2012
Bone morphogenetic protein 1,BMP1,P13497,3.4.24.19,Homo Sapiens,Collagen alpha-2(XI) chain,COL11A2,P13942,Homo Sapiens,RPQNQQPH,238,239,N,Q,-,16622848,-,-,02-05-2012
Bone morphogenetic protein 1,BMP1,P13497,3.4.24.19,Homo Sapiens,Collagen alpha-1(XI) chain,COL11A1,P12107,Homo Sapiens,AAQAQEPQ,253,254,A,Q,-,16622848,-,-,02-05-2012
Bone morphogenetic protein 1,BMP1,P13497,3.4.24.19,Homo Sapiens,Collagen alpha-1(V) chain,COL5A1,P20908,Homo Sapiens,TPQSQDPN,254,255,S,Q,-,16622848,-,-,02-05-2012
Bone morphogenetic protein 1,BMP1,P13497,3.4.24.19,Homo Sapiens,Laminin subunit gamma-2,LAMC2,Q13753,Homo Sapiens,CYSGDENP,434,435,G,D,-,10806203,-,-,02-05-2012
Bone morphogenetic protein 1,BMP1,P13497,3.4.24.19,Homo Sapiens,Latent-transforming growth factor beta-binding protein 1,LTBP1,Q14766,Homo Sapiens,IPSLDQEK,811,812,L,D,-,17015622,-,-,02-05-2012
Bone morphogenetic protein 1,BMP1,P13497,3.4.24.19,Homo Sapiens,Chordin,CHRD,Q9H2X0,Homo Sapiens,PMQADGPR,866,867,A,D,-,10479448,-,-,02-05-2012
Bone morphogenetic protein 1,BMP1,P13497,3.4.24.19,Homo Sapiens,Collagen alpha-2(I) chain,COL1A2,P08123,Homo Sapiens,FYRADQPR,1119,1120,A,D,-,10479448,-,-,02-05-2012
Bone morphogenetic protein 1,BMP1,P13497,3.4.24.19,Homo Sapiens,Collagen alpha-1(III) chain,COL3A1,P02461,Homo Sapiens,PYYGDEPM,1221,1222,G,D,-,3533405,-,-,02-05-2012
Bone morphogenetic protein 1,BMP1,P13497,3.4.24.19,Homo Sapiens,Collagen alpha-2(V) chain,COL5A2,P05997,Homo Sapiens,EFTEDQAA,1253,1254,E,D,-,17548836,-,-,02-05-2012
Bone morphogenetic protein 1,BMP1,P13497,3.4.24.19,Homo Sapiens,Latent-transforming growth factor beta-binding protein 1,LTBP1,Q14766,Homo Sapiens,YFIQDRFL,1610,1611,Q,D,-,17015622,-,-,02-05-2012
Bone morphogenetic protein 1,BMP1,P13497,3.4.24.19,Homo Sapiens,Collagen alpha-1(VII) chain,COL7A1,Q02388,Homo Sapiens,PSYAADTA,2820,2821,A,D,-,17548836,-,-,02-05-2012
Complement C2,C2,P06681,3.4.21.43,Homo Sapiens,Complement C5,C5,P01031,Homo Sapiens,QLGRLHMK,751,752,R,L,http://www.uniprot.org/uniprot/P00751,-,-,-,02-05-2012
Calpain-1 catalytic subunit,CAPN1,P07384,3.4.22.52,Homo Sapiens,Apoptosis-inducing factor 1 mitochondrial,AIFM1,O95831,Homo Sapiens,RISGLGLT,101,102,G,L,-,15590628,-,-,02-05-2012
Calpain-8,CAPN8,A6NHC0,3.4.22.53,Homo Sapiens,Calpain-8,CAPN8,A6NHC0,Homo Sapiens,AAQAAGVS,5,6,A,A,http://www.uniprot.org/uniprot/A6NHC0,-,-,-,02-05-2012
Caspase-10,CASP10,Q92851,3.4.22.63,Homo Sapiens,Caspase-3,CASP3,P42574,Homo Sapiens,IETDSGVD,175,176,D,S,http://www.uniprot.org/uniprot/P42574,-,-,-,02-05-2012
Caspase-10,CASP10,Q92851,3.4.22.63,Homo Sapiens,Caspase-6,CASP6,P55212,Homo Sapiens,TETDAFYK,23,24,D,A,http://www.uniprot.org/uniprot/P55212,-,-,-,02-05-2012
Caspase-10,CASP10,Q92851,3.4.22.63,Homo Sapiens,Caspase-6,CASP6,P55212,Homo Sapiens,TEVDAASV,193,194,D,A,http://www.uniprot.org/uniprot/P55212,-,-,-,02-05-2012
Caspase-10,CASP10,Q92851,3.4.22.63,Homo Sapiens,Caspase-6,CASP6,P55212,Homo Sapiens,DVVDNQTE,179,180,D,N,http://www.uniprot.org/uniprot/P55212,-,-,-,02-05-2012
Caspase-10,CASP10,Q92851,3.4.22.63,Homo Sapiens,Caspase-7,CASP7,P55210,Homo Sapiens,DSVDAKPD,23,24,D,A,http://www.uniprot.org/uniprot/P55210,-,-,-,02-05-2012
Caspase-10,CASP10,Q92851,3.4.22.63,Homo Sapiens,Caspase-7,CASP7,P55210,Homo Sapiens,IQADSGPI,198,199,D,S,http://www.uniprot.org/uniprot/P55210,-,-,-,02-05-2012
Caspase-10,CASP10,Q92851,3.4.22.63,Homo Sapiens,Caspase-7,CASP7,P55210,Homo Sapiens,NDTDANPR,206,207,D,A,http://www.uniprot.org/uniprot/P55210,-,-,-,02-05-2012
Caspase-10,CASP10,Q92851,3.4.22.63,Homo Sapiens,Caspase-9,CASP9,P55211,Homo Sapiens,DQLDAISS,330,331,D,A,http://www.uniprot.org/uniprot/P55211,-,-,-,02-05-2012
Caspase-10,CASP10,Q92851,3.4.22.63,Homo Sapiens,Caspase-9,CASP9,P55211,Homo Sapiens,PEPDATPF,315,316,D,A,http://www.uniprot.org/uniprot/P55211,-,-,-,02-05-2012
Caspase-10,CASP10,Q92851,3.4.22.63,Homo Sapiens,Caspase-10,CASP10,Q92851,Homo Sapiens,IEADALNP,415,416,D,A,http://www.uniprot.org/uniprot/Q92851,-,-,-,02-05-2012
Caspase-2,CASP2,P42575,3.4.22.55,Homo Sapiens,Caspase-2,CASP2,P42575,Homo Sapiens,DNKDGPVC,169,170,D,G,http://www.uniprot.org/uniprot/P42575,-,-,-,02-05-2012
Caspase-3,CASP3,P42574,3.4.22.56,Homo Sapiens,Atrophin-1,ATN1,P54259,Homo Sapiens,DSLDGRSL,109,110,D,G,-,10085113,-,-,02-05-2012
Caspase-3,CASP3,P42574,3.4.22.56,Homo Sapiens,Calsenilin,KCNIP3,Q9Y2W7,Homo Sapiens,DSSDSELE,64,65,D,S,-,11278424,-,-,02-05-2012
Caspase-3,CASP3,P42574,3.4.22.56,Homo Sapiens,cAMP-specific 3'5'-cyclic phosphodiesterase 4A,PDE4A,P27815,Homo Sapiens,ERADAMDT,69,70,D,A,-,15738310,-,-,02-05-2012
Caspase-4,CASP4,P49662,3.4.22.57,Homo Sapiens,Caspase-4,CASP4,P49662,Homo Sapiens,WVRDSPAS,270,271,D,Q,http://www.uniprot.org/uniprot/P49662,-,-,-,02-05-2012
Caspase-7,CASP7,P55210,3.4.22.60,Homo Sapiens,Aminoacyl tRNA synthase complex-interacting multifunctional protein 1,AIMP1,Q12904,Homo Sapiens,GSADSKPI,146,147,D,S,http://www.uniprot.org/uniprot/Q12904,-,-,-,02-05-2012
Caspase-8,CASP8,Q14790,3.4.22.61,Homo Sapiens,Caspase-3,CASP3,P42574,Homo Sapiens,IETDSGVD,175,176,D,S,http://www.uniprot.org/uniprot/P42574,-,-,-,02-05-2012
Caspase-8,CASP8,Q14790,3.4.22.61,Homo Sapiens,Caspase-4,CASP4,P49662,Homo Sapiens,WVRDSPAS,270,271,D,Q,http://www.uniprot.org/uniprot/P49662,-,-,-,02-05-2012
Caspase-8,CASP8,Q14790,3.4.22.61,Homo Sapiens,Caspase-6,CASP6,P55212,Homo Sapiens,TETDAFYK,23,24,D,A,http://www.uniprot.org/uniprot/P55212,-,-,-,02-05-2012
Caspase-8,CASP8,Q14790,3.4.22.61,Homo Sapiens,Caspase-6,CASP6,P55212,Homo Sapiens,TEVDAASV,193,194,D,A,http://www.uniprot.org/uniprot/P55212,-,-,-,02-05-2012
Caspase-8,CASP8,Q14790,3.4.22.61,Homo Sapiens,Caspase-6,CASP6,P55212,Homo Sapiens,DVVDNQTE,179,180,D,N,http://www.uniprot.org/uniprot/P55212,-,-,-,02-05-2012
Caspase-8,CASP8,Q14790,3.4.22.61,Homo Sapiens,Caspase-9,CASP9,P55211,Homo Sapiens,DQLDAISS,330,331,D,A,http://www.uniprot.org/uniprot/P55211,-,-,-,02-05-2012
Caspase-8,CASP8,Q14790,3.4.22.61,Homo Sapiens,Caspase-9,CASP9,P55211,Homo Sapiens,PEPDATPF,315,316,D,A,http://www.uniprot.org/uniprot/P55211,-,-,-,02-05-2012
Caspase-8,CASP8,Q14790,3.4.22.61,Homo Sapiens,Caspase-10,CASP10,Q92851,Homo Sapiens,IEADALNP,415,416,D,A,http://www.uniprot.org/uniprot/Q92851,-,-,-,02-05-2012
Cathepsin B,CTSB,P07858,3.4.22.1,Homo Sapiens,Collagen alpha-1(XVIII) chain,COL18A1,P39060,Homo Sapiens,SYVHLRPA,1560,1561,H,L,-,11119712,-,-,02-05-2012
Cathepsin B,CTSB,P07858,3.4.22.1,Homo Sapiens,Thyroglobulin,TG,P01266,Homo Sapiens,REAASGNF,813,814,A,S,-,1939080,-,-,02-05-2012
Cathepsin B,CTSB,P07858,3.4.22.1,Homo Sapiens,Thyroglobulin,TG,P01266,Homo Sapiens,REAASGNF,813,814,A,S,-,1939080,-,-,02-05-2012
Cathepsin B,CTSB,P07858,3.4.22.1,Homo Sapiens,Thyroglobulin,TG,P01266,Homo Sapiens,PTVGSFGF,550,551,G,S,-,1939080,-,-,02-05-2012
Cathepsin B,CTSB,P07858,3.4.22.1,Homo Sapiens,Thyroglobulin,TG,P01266,Homo Sapiens,EVDLLIGS,2506,2507,L,L,-,1939080,-,-,02-05-2012
Cathepsin D,CTSD,P07339,3.4.23.5,Homo Sapiens,Insulin,INS,P01308,Homo Sapiens,VEALYLVC,39,40,L,Y,-,4208234,-,-,02-05-2012
Cathepsin D,CTSD,P07339,3.4.23.5,Homo Sapiens,Insulin,INS,P01308,Homo Sapiens,ERGFFYTP,48,49,F,F,-,4208234,-,-,02-05-2012
Cathepsin D,CTSD,P07339,3.4.23.5,Homo Sapiens,Cystatin-C,CST3,P01034,Homo Sapiens,ALDFAVGE,55,56,F,A,-,2013314,-,-,02-05-2012
Cathepsin D,CTSD,P07339,3.4.23.5,Homo Sapiens,Cathepsin B,CTSB,P07858,Homo Sapiens,EDLKLPAS,79,80,K,L,http://atlasgeneticsoncology.org/Genes/CTSBID40202ch8p23.html,-,-,-,02-05-2012
Cathepsin D,CTSD,P07339,3.4.23.5,Homo Sapiens,C-C motif chemokine 21,CCL21,O00585,Homo Sapiens,PKELWVQQ,81,82,L,W,-,12651610,-,-,02-05-2012
Cathepsin D,CTSD,P07339,3.4.23.5,Homo Sapiens,C-C motif chemokine 4,CCL4,P13236,Homo Sapiens,SESWVQEY,81,82,W,V,-,12651610,-,-,02-05-2012
Cathepsin D,CTSD,P07339,3.4.23.5,Homo Sapiens,C-C motif chemokine 4,CCL4,P13236,Homo Sapiens,WVQEYVYD,84,85,E,Y,-,12651610,-,-,02-05-2012
Cathepsin D,CTSD,P07339,3.4.23.5,Homo Sapiens,Cystatin-C,CST3,P01034,Homo Sapiens,NYFLDVEL,90,91,L,D,-,2013314,-,-,02-05-2012
Cathepsin D,CTSD,P07339,3.4.23.5,Homo Sapiens,Osteocalcin,BGLAP,P02818,Homo Sapiens,FQEAYRRF,92,93,A,Y,-,9076588,-,-,02-05-2012
Cathepsin D,CTSD,P07339,3.4.23.5,Homo Sapiens,Plasminogen,PLG,P00747,Homo Sapiens,DVVLFEKK,93,94,L,F,-,10986284,-,-,02-05-2012
Cathepsin D,CTSD,P07339,3.4.23.5,Homo Sapiens,Prolactin,PRL,P01236,Homo Sapiens,SLIVSILR,113,114,V,S,-,15192082,-,-,02-05-2012
Cathepsin D,CTSD,P07339,3.4.23.5,Homo Sapiens,Cystatin-C,CST3,P01034,Homo Sapiens,FQIYAVPW,128,129,Y,A,-,2013314,-,-,02-05-2012
Cathepsin D,CTSD,P07339,3.4.23.5,Homo Sapiens,Cystatin-C,CST3,P01034,Homo Sapiens,TMTLSKST,138,139,L,S,-,2013314,-,-,02-05-2012
Cathepsin D,CTSD,P07339,3.4.23.5,Homo Sapiens,Prolactin,PRL,P01236,Homo Sapiens,GMELIVSQ,160,161,L,I,-,15192082,-,-,02-05-2012
Cathepsin D,CTSD,P07339,3.4.23.5,Homo Sapiens,Prolactin,PRL,P01236,Homo Sapiens,NEIYPVWS,175,176,Y,P,-,15192082,-,-,02-05-2012
Cathepsin D,CTSD,P07339,3.4.23.5,Homo Sapiens,Prolactin,PRL,P01236,Homo Sapiens,YPVWSGLP,178,179,W,S,-,15192082,-,-,02-05-2012
Cathepsin D,CTSD,P07339,3.4.23.5,Homo Sapiens,Kininogen-1,KNG1,P01042,Homo Sapiens,ITKLNAEN,289,290,L,N,-,2013314,-,-,02-05-2012
Cathepsin D,CTSD,P07339,3.4.23.5,Homo Sapiens,Kininogen-1,KNG1,P01042,Homo Sapiens,AGKKYFID,316,317,K,Y,-,2013314,-,-,02-05-2012
Cathepsin D,CTSD,P07339,3.4.23.5,Homo Sapiens,Kininogen-1,KNG1,P01042,Homo Sapiens,FIDFVARE,321,322,F,V,-,2013314,-,-,02-05-2012
Cathepsin D,CTSD,P07339,3.4.23.5,Homo Sapiens,Alpha-1-antichymotrypsin,SERPINA3,P01011,Homo Sapiens,ITLLSALV,383,384,L,S,-,11131147,-,-,02-05-2012
Cathepsin D,CTSD,P07339,3.4.23.5,Homo Sapiens,Alpha-1-antichymotrypsin,SERPINA3,P01011,Homo Sapiens,LLSALVET,385,386,A,L,-,11131147,-,-,02-05-2012
Cathepsin D,CTSD,P07339,3.4.23.5,Homo Sapiens,Alpha-1-antichymotrypsin,SERPINA3,P01011,Homo Sapiens,LSALVETR,386,387,L,V,-,11131147,-,-,02-05-2012
Cathepsin D,CTSD,P07339,3.4.23.5,Homo Sapiens,Kallistatin,SERPINA4,P29622,Homo Sapiens,AIKFFSAQ,387,388,F,F,-,11131147,-,-,02-05-2012
Cathepsin D,CTSD,P07339,3.4.23.5,Homo Sapiens,Kallistatin,SERPINA4,P29622,Homo Sapiens,IKFFSAQT,388,389,F,S,-,11131147,-,-,02-05-2012
Cathepsin D,CTSD,P07339,3.4.23.5,Homo Sapiens,Kallistatin,SERPINA4,P29622,Homo Sapiens,RPFLVVIF,404,405,L,V,-,11131147,-,-,02-05-2012
Cathepsin D,CTSD,P07339,3.4.23.5,Homo Sapiens,Plasminogen,PLG,P00747,Homo Sapiens,VVLLPDVE,470,471,L,P,-,10986284,-,-,02-05-2012
Cathepsin D,CTSD,P07339,3.4.23.5,Homo Sapiens,Thyroglobulin,TG,P01266,Homo Sapiens,KFLASLLE,569,570,A,S,-,1939080,-,-,02-05-2012
Cathepsin D,CTSD,P07339,3.4.23.5,Homo Sapiens,Plasminogen,PLG,P00747,Homo Sapiens,LLKEAQLP,718,719,E,A,-,10986284,-,-,02-05-2012
Cathepsin D,CTSD,P07339,3.4.23.5,Homo Sapiens,Apolipoprotein B-100,APOB,P04114,Homo Sapiens,KVLVDHFG,735,736,V,D,-,2061328,-,-,02-05-2012
Cathepsin D,CTSD,P07339,3.4.23.5,Homo Sapiens,Thyroglobulin,TG,P01266,Homo Sapiens,TTELFSPV,1855,1856,L,F,-,1939080,-,-,02-05-2012
Cathepsin D,CTSD,P07339,3.4.23.5,Homo Sapiens,Thyroglobulin,TG,P01266,Homo Sapiens,DGHFLREP,2487,2488,F,L,-,1939080,-,-,02-05-2012
Cathepsin D,CTSD,P07339,3.4.23.5,Homo Sapiens,Thyroglobulin,TG,P01266,Homo Sapiens,FSHFIRSG,2662,2663,F,I,-,1939080,-,-,02-05-2012
Cathepsin D,CTSD,P07339,3.4.23.5,Homo Sapiens,Apolipoprotein B-100,APOB,P04114,Homo Sapiens,DIYLRDLK,2693,2694,L,R,-,2061328,-,-,02-05-2012
Cathepsin D,CTSD,P07339,3.4.23.5,Homo Sapiens,Apolipoprotein B-100,APOB,P04114,Homo Sapiens,LRDLKVED,2696,2697,L,K,-,2061328,-,-,02-05-2012
Cathepsin D,CTSD,P07339,3.4.23.5,Homo Sapiens,Apolipoprotein B-100,APOB,P04114,Homo Sapiens,LNLNDFQV,2729,2730,N,D,-,2061328,-,-,02-05-2012
Cathepsin D,CTSD,P07339,3.4.23.5,Homo Sapiens,Apolipoprotein B-100,APOB,P04114,Homo Sapiens,LILPSLEL,3300,3301,P,S,-,2061328,-,-,02-05-2012
Cathepsin G,CTSG,P08311,3.4.21.20,Homo Sapiens,Cathepsin B,CTSB,P07858,Homo Sapiens,EDLKLPAS,79,80,K,L,http://atlasgeneticsoncology.org/Genes/CTSBID40202ch8p23.html,-,-,-,02-05-2012
Pro-cathepsin H,CTSH,P09668,3.4.22.16,Homo Sapiens,Osteocalcin,BGLAP,P02818,Homo Sapiens,QWLGAPVP,58,59,G,A,-,9076588,-,-,02-05-2012
Cathepsin K,CTSK,P43235,3.4.22.38,Homo Sapiens,Collagen alpha-1(XVIII) chain,COL18A1,P39060,Homo Sapiens,SYVHLRPA,1560,1561,H,L,-,11119712,-,-,02-05-2012
Cathepsin L1,CTSL1,P07711,3.4.22.15,Homo Sapiens,Collagen alpha-1(XVIII) chain,COL18A1,P39060,Homo Sapiens,SYVHLRPA,1560,1561,H,L,-,11119712,-,-,02-05-2012
Cathepsin L1,CTSL1,P07711,3.4.22.15,Homo Sapiens,Osteocalcin,BGLAP,P02818,Homo Sapiens,QWLGAPVP,58,59,G,A,-,9076588,-,-,02-05-2012
Cathepsin L1,CTSL1,P07711,3.4.22.15,Homo Sapiens,Osteocalcin,BGLAP,P02818,Homo Sapiens,EAYRRFYG,94,95,R,R,-,9076588,-,-,02-05-2012
Cathepsin L1,CTSL1,P07711,3.4.22.15,Homo Sapiens,Thyroglobulin,TG,P01266,Homo Sapiens,QLFRRAVL,2408,2409,R,R,-,1939080,-,-,02-05-2012
Cathepsin L1,CTSL1,P07711,3.4.22.15,Homo Sapiens,Thyroglobulin,TG,P01266,Homo Sapiens,KLLAVSGP,2471,2472,A,V,-,1939080,-,-,02-05-2012
Cathepsin L1,CTSL1,P07711,3.4.22.15,Homo Sapiens,Thyroglobulin,TG,P01266,Homo Sapiens,LLIGSSQD,2509,2510,G,S,-,1939080,-,-,02-05-2012
Cathepsin L1,CTSL1,P07711,3.4.22.15,Homo Sapiens,Thyroglobulin,TG,P01266,Homo Sapiens,EFSRKVPT,2676,2677,R,K,-,1939080,-,-,02-05-2012
Cathepsin S,CTSS,P25774,3.4.22.27,Homo Sapiens,Osteocalcin,BGLAP,P02818,Homo Sapiens,QWLGAPVP,58,59,G,A,-,9076588,-,-,02-05-2012
Coagulation factor X,F10,P00742,3.4.21.6,Homo Sapiens,Tissue-type plasminogen activator,PLAT,P00750,Homo Sapiens,PQFRIKGG,310,311,R,I,http://www.uniprot.org/uniprot/P00750,-,-,-,02-05-2012
Coagulation factor XII,F12,P00748,3.4.21.38,Homo Sapiens,Plasma kallikrein,KLKB1,P03952,Homo Sapiens,TSTRIVGG,390,391,R,I,http://www.uniprot.org/uniprot/P03952,-,-,-,02-05-2012
Coagulation factor XII,F12,P00748,3.4.21.38,Homo Sapiens,Coagulation factor XI,F11,P03951,Homo Sapiens,IKPRIVGG,387,388,R,I,http://www.uniprot.org/uniprot/P03951,-,-,-,02-05-2012
Prothrombin,F2,P00734,3.4.21.5,Homo Sapiens,A disintegrin and metalloproteinase with thrombospondin motifs 13,ADAMTS13,Q76LX8,Homo Sapiens,AAPRAGLA,257,258,R,A,-,17355572,-,-,02-05-2012
Prothrombin,F2,P00734,3.4.21.5,Homo Sapiens,A disintegrin and metalloproteinase with thrombospondin motifs 13,ADAMTS13,Q76LX8,Homo Sapiens,PQPRRLLP,1176,1177,R,R,-,17355572,-,-,02-05-2012
Prothrombin,F2,P00734,3.4.21.5,Homo Sapiens,Galectin-9,LGALS9,O00182,Homo Sapiens,PRPRGRRQ,175,176,R,G,-,16868247,-,-,02-05-2012
Coagulation factor VII,F7,P08709,3.4.21.21,Homo Sapiens,Coagulation factor X,F10,P00742,Homo Sapiens,NLTRIVGG,234,235,R,I,http://www.uniprot.org/uniprot/P08709,-,-,-,02-05-2012
Furin,FURIN,P09958,3.4.21.75,Homo Sapiens,A disintegrin and metalloproteinase with thrombospondin motifs 4,ADAMTS4,O75173,Homo Sapiens,RAKRFASL,212,213,R,F,http://www.uniprot.org/uniprot/O75173,-,-,-,02-05-2012
Furin,FURIN,P09958,3.4.21.75,Homo Sapiens,A disintegrin and metalloproteinase with thrombospondin motifs 8,ADAMTS8,Q9UP79,Homo Sapiens,RTKRFVSE,213,214,R,F,http://www.uniprot.org/uniprot/Q9UP79,-,-,-,02-05-2012
Furin,FURIN,P09958,3.4.21.75,Homo Sapiens,HERV-W_7q21.2 provirus ancestral Env polyprotein,ERVW-1,Q9UQF0,Homo Sapiens,RNKRVPIL,317,318,R,V,http://www.uniprot.org/uniprot/Q9UQF0,-,-,-,02-05-2012
Furin,FURIN,P09958,3.4.21.75,Homo Sapiens,Sortilin,SORT1,Q99523,Homo Sapiens,RWRRSAPG,77,78,R,S,-,9927419,-,-,02-05-2012
Furin,FURIN,P09958,3.4.21.75,Homo Sapiens,Melanocyte protein PMEL,PMEL,P40967,Homo Sapiens,RLVKRQVP,468,469,K,R,-,12732614,-,-,02-05-2012
Granzyme B,GZMB,P10144,3.4.21.79,Homo Sapiens,Caspase-3,CASP3,P42574,Homo Sapiens,IETDSGVD,175,176,D,S,http://www.uniprot.org/uniprot/P42574,-,-,-,02-05-2012
Granzyme B,GZMB,P10144,3.4.21.79,Homo Sapiens,Caspase-7,CASP7,P55210,Homo Sapiens,DSVDAKPD,23,24,D,A,http://www.uniprot.org/uniprot/P55210,-,-,-,02-05-2012
Granzyme B,GZMB,P10144,3.4.21.79,Homo Sapiens,Caspase-7,CASP7,P55210,Homo Sapiens,IQADSGPI,198,199,D,S,http://www.uniprot.org/uniprot/P55210,-,-,-,02-05-2012
Granzyme B,GZMB,P10144,3.4.21.79,Homo Sapiens,Caspase-7,CASP7,P55210,Homo Sapiens,NDTDANPR,206,207,D,A,http://www.uniprot.org/uniprot/P55210,-,-,-,02-05-2012
Granzyme B,GZMB,P10144,3.4.21.79,Homo Sapiens,Caspase-9,CASP9,P55211,Homo Sapiens,PEPDATPF,315,316,D,A,http://www.uniprot.org/uniprot/P55211,-,-,-,02-05-2012
Granzyme B,GZMB,P10144,3.4.21.79,Homo Sapiens,Caspase-10,CASP10,Q92851,Homo Sapiens,IEADALNP,415,416,D,A,http://www.uniprot.org/uniprot/Q92851,-,-,-,02-05-2012
Kallikrein-1,KLK1,P06870,3.4.21.35,Homo Sapiens,Tissue-type plasminogen activator,PLAT,P00750,Homo Sapiens,PQFRIKGG,310,311,R,I,http://www.uniprot.org/uniprot/P00750,-,-,-,02-05-2012
Kallikrein-7,KLK7,P49862,3.4.21.117,Homo Sapiens,Insulin,INS,P01308,Homo Sapiens,NQHLCGSH,30,31,L,C,http://www.uniprot.org/uniprot/P49862,-,-,-,02-05-2012
Kallikrein-7,KLK7,P49862,3.4.21.117,Homo Sapiens,Insulin,INS,P01308,Homo Sapiens,EALYLVCG,40,41,Y,L,http://www.uniprot.org/uniprot/P49862,-,-,-,02-05-2012
Kallikrein-7,KLK7,P49862,3.4.21.117,Homo Sapiens,Insulin,INS,P01308,Homo Sapiens,GFFYTPKT,50,51,Y,T,http://www.uniprot.org/uniprot/P49862,-,-,-,02-05-2012
Kallikrein-7,KLK7,P49862,3.4.21.117,Homo Sapiens,Insulin,INS,P01308,Homo Sapiens,RGFFYTPK,49,50,F,Y,http://www.uniprot.org/uniprot/P49862,-,-,-,02-05-2012
Plasma kallikrein,KLKB1,P03952,3.4.21.34,Homo Sapiens,Plasminogen,PLG,P00747,Homo Sapiens,SGTEASVV,458,459,E,A,-,10604721,-,-,02-05-2012
Neprilysin,MME,P08473,3.4.24.11,Homo Sapiens,Natriuretic peptides A,NPPA,P01160,Homo Sapiens,RSSCFGGR,130,131,C,F,-,2531377,-,-,02-05-2012
Neprilysin,MME,P08473,3.4.24.11,Homo Sapiens,Angiotensinogen,AGT,P01019,Homo Sapiens,YIHPFHLV,40,41,P,F,-,15283675,-,-,02-05-2012
Interstitial collagenase,MMP1,P03956,3.4.24.7,Homo Sapiens,Collagen alpha-1(I) chain,COL1A1,P02452,Homo Sapiens,GPQGIAGQ,953,954,G,I,http://enzyme.expasy.org/EC/3.4.24.7,-,-,-,02-05-2012
Interstitial collagenase,MMP1,P03956,3.4.24.7,Homo Sapiens,Collagen alpha-1(II) chain,COL2A1,P02458,Homo Sapiens,GQRGIVGL,981,982,G,I,http://enzyme.expasy.org/EC/3.4.24.7,-,-,-,02-05-2012
Interstitial collagenase,MMP1,P03956,3.4.24.7,Homo Sapiens,Collagen alpha-1(III) chain,COL3A1,P02461,Homo Sapiens,GPLGIAGI,948,949,G,I,-,2462561,-,-,02-05-2012
Interstitial collagenase,MMP1,P03956,3.4.24.7,Homo Sapiens,Alpha-2-macroglobulin,A2M,P01023,Homo Sapiens,GPEGLRVG,702,703,G,L,-,2462561,-,-,02-05-2012
Interstitial collagenase,MMP1,P03956,3.4.24.7,Homo Sapiens,Pregnancy zone protein,PZP,P20742,Homo Sapiens,YGAGLGVV,704,705,G,L,-,2462561,-,-,02-05-2012
Interstitial collagenase,MMP1,P03956,3.4.24.7,Homo Sapiens,Pregnancy zone protein,PZP,P20742,Homo Sapiens,AGLGVVER,706,707,G,V,-,2462561,-,-,02-05-2012
Interstitial collagenase,MMP1,P03956,3.4.24.7,Homo Sapiens,Pregnancy zone protein,PZP,P20742,Homo Sapiens,AGLGISST,785,786,G,I,-,2462561,-,-,02-05-2012
Interstitial collagenase,MMP1,P03956,3.4.24.7,Homo Sapiens,Proteinase-activated receptor 1,F2R,P25116,Homo Sapiens,LDPRSFLL,41,42,R,S,-,15707890,-,-,02-05-2012
Interstitial collagenase,MMP1,P03956,3.4.24.7,Homo Sapiens,Interstitial collagenase,MMP1,P03956,Homo Sapiens,DVAQFVLT,99,100,Q,F,-,2462561,-,-,02-05-2012
Interstitial collagenase,MMP1,P03956,3.4.24.7,Homo Sapiens,Interstitial collagenase,MMP1,P03956,Homo Sapiens,VAQFVLTE,100,101,F,V,-,2462561,-,-,02-05-2012
Interstitial collagenase,MMP1,P03956,3.4.24.7,Homo Sapiens,Interstitial collagenase,MMP1,P03956,Homo Sapiens,AQFVLTEG,101,102,V,L,-,2462561,-,-,02-05-2012
Interstitial collagenase,MMP1,P03956,3.4.24.7,Homo Sapiens,Interstitial collagenase,MMP1,P03956,Homo Sapiens,PVQPIGPQ,269,270,P,I,-,2462561,-,-,02-05-2012
Collagenase 3,MMP13,P45452,3.4.24.B4,Homo Sapiens,Collagen alpha-1(XVIII) chain,COL18A1,P39060,Homo Sapiens,TARPWRAD,1530,1531,P,W,-,15950618,-,-,02-05-2012
Collagenase 3,MMP13,P45452,3.4.24.B4,Homo Sapiens,Collagen alpha-1(XVIII) chain,COL18A1,P39060,Homo Sapiens,HHSSYVHL,1557,1558,S,Y,-,15950618,-,-,02-05-2012
Collagenase 3,MMP13,P45452,3.4.24.B4,Homo Sapiens,Collagen alpha-1(XVIII) chain,COL18A1,P39060,Homo Sapiens,APHHSSYV,1555,1556,H,S,-,15950618,-,-,02-05-2012
Matrix metalloproteinase-14,MMP14,P50281,3.4.24.80,Homo Sapiens,72 kDa type IV collagenase,MMP2,P08253,Homo Sapiens,ESCNLFVL,66,67,N,L,http://www.uniprot.org/uniprot/P50281,-,-,-,02-05-2012
Matrix metalloproteinase-14,MMP14,P50281,3.4.24.80,Homo Sapiens,Collagenase 3,MMP13,P45452,Homo Sapiens,NLAGILKE,54,55,G,I,http://www.uniprot.org/uniprot/P50281,-,-,-,02-05-2012
Matrix metalloproteinase-14,MMP14,P50281,3.4.24.80,Homo Sapiens,Aggrecan core protein,ACAN,P16112,Homo Sapiens,IPENFFGV,360,361,N,F,http://www.uniprot.org/uniprot/P50281,-,-,-,02-05-2012
Matrix metalloproteinase-14,MMP14,P50281,3.4.24.80,Homo Sapiens,Aggrecan core protein,ACAN,P16112,Homo Sapiens,TSEDLVVQ,460,461,D,L,http://www.uniprot.org/uniprot/P50281,-,-,-,02-05-2012
Matrix metalloproteinase-14,MMP14,P50281,3.4.24.80,Homo Sapiens,Aggrecan core protein,ACAN,P16112,Homo Sapiens,ITVQTVTW,373,374,Q,T,http://www.uniprot.org/uniprot/P50281,-,-,-,02-05-2012
Matrix metalloproteinase-16,MMP16,P51512,n.d.,Homo Sapiens,72 kDa type IV collagenase,MMP2,P08253,Homo Sapiens,DVANYNFF,109,110,N,Y,http://www.uniprot.org/uniprot/P08253,-,-,-,02-05-2012
72 kDa type IV collagenase,MMP2,P08253,3.4.24.24,Homo Sapiens,72 kDa type IV collagenase,MMP2,P08253,Homo Sapiens,IQELYGAS,444,445,L,Y,http://www.uniprot.org/uniprot/P08253,-,-,-,02-05-2012
Matrix metalloproteinase-20,MMP20,O60882,n.d.,Homo Sapiens,Collagen alpha-1(XVIII) chain,COL18A1,P39060,Homo Sapiens,HHSSYVHL,1557,1558,S,Y,-,15950618,-,-,02-05-2012
Stromelysin-1,MMP3,P08254,3.4.24.17,Homo Sapiens,Collagen alpha-1(XVIII) chain,COL18A1,P39060,Homo Sapiens,HHSSYVHL,1557,1558,S,Y,-,15950618,-,-,02-05-2012
Stromelysin-1,MMP3,P08254,3.4.24.17,Homo Sapiens,Collagen alpha-1(XVIII) chain,COL18A1,P39060,Homo Sapiens,PPAHSHRD,1572,1573,H,S,-,15950618,-,-,02-05-2012
Matrilysin,MMP7,P09237,3.4.24.23,Homo Sapiens,Collagen alpha-1(XVIII) chain,COL18A1,P39060,Homo Sapiens,PVVQLHDS,1511,1512,Q,L,-,15950618,-,-,02-05-2012
Matrilysin,MMP7,P09237,3.4.24.23,Homo Sapiens,Collagen alpha-1(XVIII) chain,COL18A1,P39060,Homo Sapiens,RADDILAS,1535,1536,D,I,-,15950618,-,-,02-05-2012
Matrilysin,MMP7,P09237,3.4.24.23,Homo Sapiens,Collagen alpha-1(XVIII) chain,COL18A1,P39060,Homo Sapiens,HHSSYVHL,1557,1558,S,Y,-,15950618,-,-,02-05-2012
Matrilysin,MMP7,P09237,3.4.24.23,Homo Sapiens,Plasminogen,PLG,P00747,Homo Sapiens,APPPVVLL,466,467,P,V,-,9360944,-,-,02-05-2012
Matrix metalloproteinase-9,MMP9,P14780,3.4.24.35,Homo Sapiens,Plasminogen,PLG,P00747,Homo Sapiens,VAPPPVVL,465,466,P,P,-,9360944,-,-,02-05-2012
Matrix metalloproteinase-9,MMP9,P14780,3.4.24.35,Homo Sapiens,Collagen alpha-1(XVIII) chain,COL18A1,P39060,Homo Sapiens,EPQPYPGA,1548,1549,P,Y,-,11119712,-,-,02-05-2012
Matrix metalloproteinase-9,MMP9,P14780,3.4.24.35,Homo Sapiens,Collagen alpha-1(XVIII) chain,COL18A1,P39060,Homo Sapiens,APHHSSYV,1555,1556,H,S,-,11119712,-,-,02-05-2012
Matrix metalloproteinase-9,MMP9,P14780,3.4.24.35,Homo Sapiens,Collagen alpha-1(XVIII) chain,COL18A1,P39060,Homo Sapiens,TARPWRAD,1530,1531,P,W,-,15950618,-,-,02-05-2012
Neurolysin mitochondrial,NLN,Q9BYT8,3.4.24.16,Homo Sapiens,Neurotensin/neuromedin N,NTS,P30990,Homo Sapiens,PRRPYILK,160,161,P,Y,http://www.uniprot.org/uniprot/Q9BYT8,-,-,-,02-05-2012
Thermolysin,npr,P00800,3.4.24.27,Homo Sapiens,Thyroglobulin,TG,P01266,Homo Sapiens,LAKPLSVG,521,522,P,L,-,8269951,-,-,02-05-2012
Thermolysin,npr,P00800,3.4.24.27,Homo Sapiens,Thyroglobulin,TG,P01266,Homo Sapiens,AQSTLSFY,1001,1002,T,L,-,8269951,-,-,02-05-2012
Thermolysin,npr,P00800,3.4.24.27,Homo Sapiens,Thyroglobulin,TG,P01266,Homo Sapiens,QRRRFSPD,1009,1010,R,F,-,8269951,-,-,02-05-2012
Thermolysin,npr,P00800,3.4.24.27,Homo Sapiens,Thyroglobulin,TG,P01266,Homo Sapiens,TIRFLQGD,1424,1425,F,L,-,8269951,-,-,02-05-2012
Thermolysin,npr,P00800,3.4.24.27,Homo Sapiens,Thyroglobulin,TG,P01266,Homo Sapiens,TEAGLTTE,1850,1851,G,L,-,8269951,-,-,02-05-2012
Pappalysin-1,PAPPA,Q13219,3.4.24.79,Homo Sapiens,Insulin-like growth factor-binding protein 4,IGFBP4,P22692,Homo Sapiens,GGKMKVNG,156,157,M,K,http://www.uniprot.org/uniprot/Q13219,-,-,-,02-05-2012
Pappalysin-1,PAPPA,Q13219,3.4.24.79,Homo Sapiens,Insulin-like growth factor-binding protein 5,IGFBP5,P24593,Homo Sapiens,LTQSKFVG,163,164,S,K,http://www.uniprot.org/uniprot/Q13219,-,-,-,02-05-2012
Pappalysin-2,PAPPA2,Q9BXP8,n.d.,Homo Sapiens,Insulin-like growth factor-binding protein 5,IGFBP5,P24593,Homo Sapiens,LTQSKFVG,163,164,S,K,-,11264294,-,-,02-05-2012
Tissue-type plasminogen activator,PLAT,P00750,3.4.21.68,Homo Sapiens,Cathepsin B,CTSB,P07858,Homo Sapiens,EDLKLPAS,79,80,K,L,http://atlasgeneticsoncology.org/Genes/CTSBID40202ch8p23.html,-,-,-,02-05-2012
Tissue-type plasminogen activator,PLAT,P00750,3.4.21.68,Homo Sapiens,Platelet-derived growth factor C,PDGFC,Q9NRA1,Homo Sapiens,FGRKSRVV,232,233,K,S,-,15372073,-,-,02-05-2012
Tissue-type plasminogen activator,PLAT,P00750,3.4.21.68,Homo Sapiens,Platelet-derived growth factor C,PDGFC,Q9NRA1,Homo Sapiens,VFGRKSRV,231,232,R,K,http://www.uniprot.org/uniprot/Q9NRA1,-,-,-,02-05-2012
Urokinase-type plasminogen activator,PLAU,P00749,3.4.21.73,Homo Sapiens,Cathepsin B,CTSB,P07858,Homo Sapiens,EDLKLPAS,79,80,K,L,http://atlasgeneticsoncology.org/Genes/CTSBID40202ch8p23.html,-,-,-,02-05-2012
Urokinase-type plasminogen activator,PLAU,P00749,3.4.21.73,Homo Sapiens,Urokinase plasminogen activator surface receptor,PLAUR,Q03405,Homo Sapiens,NSGRAVTY,105,106,R,A,http://www.uniprot.org/uniprot/Q03405,-,-,-,02-05-2012
Urokinase-type plasminogen activator,PLAU,P00749,3.4.21.73,Homo Sapiens,Urokinase plasminogen activator surface receptor,PLAUR,Q03405,Homo Sapiens,TYSRSRYL,111,112,R,S,http://www.uniprot.org/uniprot/Q03405,-,-,-,02-05-2012
Urokinase-type plasminogen activator,PLAU,P00749,3.4.21.73,Homo Sapiens,Platelet-derived growth factor D,PDGFD,Q9GZP0,Homo Sapiens,PRYRGRSY,247,248,R,G,-,15988036,-,-,02-05-2012
Urokinase-type plasminogen activator,PLAU,P00749,3.4.21.73,Homo Sapiens,Platelet-derived growth factor D,PDGFD,Q9GZP0,Homo Sapiens,YRGRSYHD,249,250,R,S,-,15988036,-,-,02-05-2012
Urokinase-type plasminogen activator,PLAU,P00749,3.4.21.73,Homo Sapiens,Integrin alpha-7,ITGA7,Q13683,Homo Sapiens,PRLRRQAP,647,648,R,R,http://www.uniprot.org/uniprot/Q13683,-,-,-,02-05-2012
Plasminogen,PLG,P00747,3.4.21.7,Homo Sapiens,Tissue-type plasminogen activator,PLAT,P00750,Homo Sapiens,PQFRIKGG,310,311,R,I,http://www.uniprot.org/uniprot/P00750,-,-,-,02-05-2012
Plasminogen,PLG,P00747,3.4.21.7,Homo Sapiens,Brain-derived neurotrophic factor,BDNF,P23560,Homo Sapiens,RVRRHSDP,128,129,R,H,http://www.uniprot.org/uniprot/P23560,-,-,-,02-05-2012
Plasminogen,PLG,P00747,3.4.21.7,Homo Sapiens,Coagulation factor VIII,F8,P00451,Homo Sapiens,RVPKSFPF,55,56,K,S,-,17189254,-,-,02-05-2012
Plasminogen,PLG,P00747,3.4.21.7,Homo Sapiens,Plasminogen,PLG,P00747,Homo Sapiens,LFEKKVYL,96,97,K,K,-,10318952,-,-,02-05-2012
Plasminogen,PLG,P00747,3.4.21.7,Homo Sapiens,Brain-derived neurotrophic factor,BDNF,P23560,Homo Sapiens,MSMRVRRH,125,126,R,V,-,18291105,-,-,02-05-2012
Plasminogen,PLG,P00747,3.4.21.7,Homo Sapiens,Vascular endothelial growth factor A,VEGFA,P15692,Homo Sapiens,KKDRARQE,136,137,R,A,-,12417332,-,-,02-05-2012
Plasminogen,PLG,P00747,3.4.21.7,Homo Sapiens,Beta-casein,CSN2,P05814,Homo Sapiens,PQPKVLPI,175,176,K,V,-,1369431,-,-,02-05-2012
Plasminogen,PLG,P00747,3.4.21.7,Homo Sapiens,Beta-2-glycoprotein 1,APOH,P02749,Homo Sapiens,AFWKTDAS,336,337,K,T,-,19625706,-,-,02-05-2012
Plasminogen,PLG,P00747,3.4.21.7,Homo Sapiens,Coagulation factor VIII,F8,P00451,Homo Sapiens,PQLRMKNN,355,356,R,M,-,17189254,-,-,02-05-2012
Plasminogen,PLG,P00747,3.4.21.7,Homo Sapiens,Coagulation factor VIII,F8,P00451,Homo Sapiens,IQIRSVAK,391,392,R,S,-,17189254,-,-,02-05-2012
Plasminogen,PLG,P00747,3.4.21.7,Homo Sapiens,Plasminogen,PLG,P00747,Homo Sapiens,TNPRKLYD,549,550,R,K,-,10318952,-,-,02-05-2012
Plasminogen,PLG,P00747,3.4.21.7,Homo Sapiens,Coagulation factor VIII,F8,P00451,Homo Sapiens,IEPRSFSQ,759,760,R,S,-,17189254,-,-,02-05-2012
Lysosomal Pro-X carboxypeptidase,PRCP,P42785,3.4.16.2,Homo Sapiens,Angiotensinogen,AGT,P01019,Homo Sapiens,YIHPFHLV,40,41,P,F,http://www.uniprot.org/uniprot/P42785,-,-,-,02-05-2012
Lysosomal Pro-X carboxypeptidase,PRCP,P42785,3.4.16.2,Homo Sapiens,Kininogen-1,KNG1,P01042,Homo Sapiens,GFSPFRSS,387,388,P,F,http://www.uniprot.org/uniprot/P42785,-,-,-,02-05-2012
Vitamin K-dependent protein C,PROC,P04070,3.4.21.69,Homo Sapiens,Coagulation factor VIII,F8,P00451,Homo Sapiens,PQLRMKNN,355,356,R,M,-,17519239,-,-,02-05-2012
Vitamin K-dependent protein C,PROC,P04070,3.4.21.69,Homo Sapiens,Coagulation factor VIII,F8,P00451,Homo Sapiens,VDQRGNQI,581,582,R,G,-,17519239,-,-,02-05-2012
Vitamin K-dependent protein C,PROC,P04070,3.4.21.69,Homo Sapiens,Proteinase-activated receptor 1,F2R,P25116,Homo Sapiens,LDPRSFLL,41,42,R,S,-,17255099,-,-,02-05-2012
Trypsin-1,PRSS1,P07477,3.4.21.4,Homo Sapiens,Thyroglobulin,TG,P01266,Homo Sapiens,AAKKDGTM,540,541,K,D,-,8269951,-,-,02-05-2012
Trypsin-1,PRSS1,P07477,3.4.21.4,Homo Sapiens,Thyroglobulin,TG,P01266,Homo Sapiens,DQKRDALG,1646,1647,R,D,-,8269951,-,-,02-05-2012
Trypsin-1,PRSS1,P07477,3.4.21.4,Homo Sapiens,Thyroglobulin,TG,P01266,Homo Sapiens,SRGRTSSK,2532,2533,R,T,-,8269951,-,-,02-05-2012
Gamma-secretase subunit PEN-2,PSENEN,Q9NZ42,n.d.,Homo Sapiens,Neurogenic locus notch homolog protein 1,NOTCH1,P46531,Homo Sapiens,VGCGVLLS,1753,1754,G,V,http://www.uniprot.org/uniprot/P46531,-,-,-,02-05-2012
Gamma-secretase subunit PEN-2,PSENEN,Q9NZ42,n.d.,Homo Sapiens,Neurogenic locus notch homolog protein 2,NOTCH2,Q04721,Homo Sapiens,ILLGVIMA,1696,1697,G,V,http://www.uniprot.org/uniprot/Q04721,-,-,-,02-05-2012
Gamma-secretase subunit PEN-2,PSENEN,Q9NZ42,n.d.,Homo Sapiens,Neurogenic locus notch homolog protein 3,NOTCH3,Q9UM47,Homo Sapiens,LVLGVMVA,1661,1662,G,V,http://www.uniprot.org/uniprot/Q9UM47,-,-,-,02-05-2012
Gamma-secretase subunit PEN-2,PSENEN,Q9NZ42,n.d.,Homo Sapiens,Neurogenic locus notch homolog protein 4,NOTCH4,Q99466,Homo Sapiens,ALLVL,1467,1465,L,V,http://www.uniprot.org/uniprot/Q99466,-,-,-,02-05-2012
Renin,REN,P00797,3.4.23.15,Homo Sapiens,Angiotensinogen,AGT,P01019,Homo Sapiens,PFHLVIHN,43,44,L,V,http://www.uniprot.org/uniprot/P01019,-,-,-,02-05-2012
Sentrin-specific protease 1,SENP1,Q9P0U3,n.d.,Homo Sapiens,Small ubiquitin-related modifier 1,SUMO1,P63165,Homo Sapiens,QTGGHSTV,97,98,G,H,-,15487983,-,-,02-05-2012
Sentrin-specific protease 1,SENP1,Q9P0U3,n.d.,Homo Sapiens,Small ubiquitin-related modifier 2,SUMO2,P61956,Homo Sapiens,QTGGVY,93,94,G,V,-,15487983,-,-,02-05-2012
Sentrin-specific protease 1,SENP1,Q9P0U3,n.d.,Homo Sapiens,Small ubiquitin-related modifier 3,SUMO3,P55854,Homo Sapiens,QTGGVPES,92,93,G,V,-,15487983,-,-,02-05-2012
Ubiquitin carboxyl-terminal hydrolase isozyme L3,UCHL3,P15374,3.4.19.12,Homo Sapiens,NEDD8,NEDD8,Q15843,Homo Sapiens,LRGGGGLR,76,77,G,G,-,9790970,-,-,02-05-2012
Cathepsin D,CTSD,P07339,3.4.23.5,Homo Sapiens,Osteopontin,SPP1,P10451,Homo Sapiens,AVATWLNP,42,43,T,W,-,20071328,-,-,02-05-2012
Cathepsin D,CTSD,P07339,3.4.23.5,Homo Sapiens,Osteopontin,SPP1,P10451,Homo Sapiens,KQNLLAPQ,54,55,L,L,-,20071328,-,-,02-05-2012
Cathepsin D,CTSD,P07339,3.4.23.5,Homo Sapiens,Osteopontin,SPP1,P10451,Homo Sapiens,TNDFKQET,69,70,F,K,-,20071328,-,-,02-05-2012
Cathepsin D,CTSD,P07339,3.4.23.5,Homo Sapiens,Osteopontin,SPP1,P10451,Homo Sapiens,VYGLRSKS,167,168,L,R,-,20071328,-,-,02-05-2012
Cathepsin D,CTSD,P07339,3.4.23.5,Homo Sapiens,Osteopontin,SPP1,P10451,Homo Sapiens,AQDLNAPS,211,212,L,N,-,20071328,-,-,02-05-2012
Cathepsin D,CTSD,P07339,3.4.23.5,Homo Sapiens,Osteopontin,SPP1,P10451,Homo Sapiens,QSRLYKRK,245,246,L,Y,-,20071328,-,-,02-05-2012
Cathepsin D,CTSD,P07339,3.4.23.5,Homo Sapiens,Osteopontin,SPP1,P10451,Homo Sapiens,SQELSKVS,266,267,L,S,-,20071328,-,-,02-05-2012
Cathepsin D,CTSD,P07339,3.4.23.5,Homo Sapiens,Osteopontin,SPP1,P10451,Homo Sapiens,EDMLVVDP,285,286,L,V,-,20071328,-,-,02-05-2012
Plasminogen,PLG,P00747,3.4.21.7,Homo Sapiens,Osteopontin,SPP1,P10451,Homo Sapiens,YGLRSKSK,168,169,R,S,-,20071328,-,-,02-05-2012
Plasminogen,PLG,P00747,3.4.21.7,Homo Sapiens,Osteopontin,SPP1,P10451,Homo Sapiens,LRSKSKKF,170,171,K,S,-,20071328,-,-,02-05-2012
Plasminogen,PLG,P00747,3.4.21.7,Homo Sapiens,Osteopontin,SPP1,P10451,Homo Sapiens,KSKKFRRP,173,174,K,F,-,20071328,-,-,02-05-2012
Plasminogen,PLG,P00747,3.4.21.7,Homo Sapiens,Osteopontin,SPP1,P10451,Homo Sapiens,KKFRRPDI,175,176,R,R,-,20071328,-,-,02-05-2012
Plasminogen,PLG,P00747,3.4.21.7,Homo Sapiens,Osteopontin,SPP1,P10451,Homo Sapiens,GAYKAIPV,203,204,K,A,-,20071328,-,-,02-05-2012
Plasminogen,PLG,P00747,3.4.21.7,Homo Sapiens,Osteopontin,SPP1,P10451,Homo Sapiens,HSHKQSRL,241,242,K,Q,-,20071328,-,-,02-05-2012
Plasminogen,PLG,P00747,3.4.21.7,Homo Sapiens,Osteopontin,SPP1,P10451,Homo Sapiens,RLYKRKAN,247,248,K,R,-,20071328,-,-,02-05-2012
Plasminogen,PLG,P00747,3.4.21.7,Homo Sapiens,Osteopontin,SPP1,P10451,Homo Sapiens,KHLKFRIS,299,300,K,F,-,20071328,-,-,02-05-2012
Prothrombin,F2,P00734,3.4.21.5,Homo Sapiens,Osteopontin,SPP1,P10451,Homo Sapiens,YGLRSKSK,168,169,R,S,-,20071328,-,-,02-05-2012
Prothrombin,F2,P00734,3.4.21.5,Homo Sapiens,Osteopontin,SPP1,P10451,Homo Sapiens,KQSRLYKR,244,245,R,L,-,20071328,-,-,02-05-2012
Plasminogen,PLG,P00747,3.4.21.7,Homo Sapiens,Alpha-2-HS-glycoprotein,AHSG,P02765,Homo Sapiens,QLHRAHYD,311,312,R,A,-,8940198,-,-,02-05-2012
Plasminogen,PLG,P00747,3.4.21.7,Homo Sapiens,Alpha-2-HS-glycoprotein,AHSG,P02765,Homo Sapiens,YDLRHTFM,317,318,R,H,-,8940198,-,-,02-05-2012
Plasminogen,PLG,P00747,3.4.21.7,Homo Sapiens,Alpha-2-HS-glycoprotein,AHSG,P02765,Homo Sapiens,CPGRIRHF,361,362,R,I,-,8940198,-,-,02-05-2012
Plasminogen,PLG,P00747,3.4.21.7,Homo Sapiens,Alpha-2-HS-glycoprotein,AHSG,P02765,Homo Sapiens,GRIRHFKV,363,364,R,H,-,8940198,-,-,02-05-2012
Neutrophil elastase,ELANE,P08246,3.4.21.37,Homo Sapiens,Alpha-2-HS-glycoprotein,AHSG,P02765,Homo Sapiens,PQPEGANE,262,263,E,G,-,8940198,-,-,02-05-2012
Neutrophil elastase,ELANE,P08246,3.4.21.37,Homo Sapiens,Alpha-2-HS-glycoprotein,AHSG,P02765,Homo Sapiens,HVLLAAPP,301,302,L,A,-,8940198,-,-,02-05-2012
Neutrophil elastase,ELANE,P08246,3.4.21.37,Homo Sapiens,Alpha-2-HS-glycoprotein,AHSG,P02765,Homo Sapiens,VGAAAGPV,350,351,A,A,-,8940198,-,-,02-05-2012
Interstitial collagenase,MMP1,P03956,3.4.24.7,Homo Sapiens,Collagen alpha-1(III) chain,COL3A1,P02461,Homo Sapiens,GPLGIAGI,948,949,G,I,-,19398000,-,-,02-05-2012
Interstitial collagenase,MMP1,P03956,3.4.24.7,Homo Sapiens,Collagen alpha-1(III) chain,COL3A1,P02461,Homo Sapiens,GIAGITGA,951,952,G,I,-,19398000,-,-,02-05-2012
Trypsin-1,PRSS1,P07477,3.4.21.4,Homo Sapiens,Multidrug resistance protein 1,ABCB1,P08183,Homo Sapiens,AQDRKLST,680,681,R,K,-,12055198,-,-,02-05-2012
Chymotrypsinogen B,CTRB1,P17538,3.4.21.1,Homo Sapiens,Multidrug resistance protein 1,ABCB1,P08183,Homo Sapiens,DRKLSTKE,682,683,L,S,-,12055198,-,-,02-05-2012
Chymotrypsinogen B,CTRB1,P17538,3.4.21.1,Homo Sapiens,Multidrug resistance protein 1,ABCB1,P08183,Homo Sapiens,DRKLSTKE,682,683,L,S,-,xxxxxxxxxxx,-,-,02-05-2012
Chymotrypsinogen B,CTRB1,P17538,3.4.21.1,Homo Sapiens,Multidrug resistance protein 1,ABCB1,P08183,Homo Sapiens,DRKLSTKE,682,683,L,S,yyyyyyyyy,-,-,-,02-05-2012
Chymotrypsinogen B,CTRB1,P17538,3.4.21.1,Homo Sapiens,Multidrug resistance protein 1,ABCB1,P08183,Homo Sapiens,DRKLSTKE,682,683,L,S,zzzzzzzzzzz,-,-,-,02-05-2012
Chymotrypsinogen B,CTRB1,P17538,3.4.21.1,Homo Sapiens,Multidrug resistance protein 1,ABCB1,P08183,Homo Sapiens,DRKLSTKE,682,683,L,S,zzzzzzzzzzz,xxxxxxxxxx,-,-,02-05-2012
